City,Lat,Lng,Max Temp,Humidity,Cloudiness,Wind Speed,Country,Date
ahipara,-35.1667,173.1667,68.86,84,97,15.97,NZ,1613425013
korhogo,9.45,-5.6333,86.4,41,95,4.38,CI,1613425013
taltal,-25.4,-70.4833,68.47,67,21,4.43,CL,1613425013
rudraprayag,30.2833,78.9833,52.92,49,6,4.16,IN,1613425014
dingle,10.9995,122.6711,74.05,89,98,6.98,PH,1613425014
sitka,57.0531,-135.33,33.8,60,20,5.75,US,1613425014
farah,32.5,62.5,46.29,49,0,1.43,AF,1613425014
kawalu,-7.3817,108.2082,72.18,89,80,2.95,ID,1613425014
emerald,-23.5333,148.1667,75.2,73,9,8.05,AU,1613425014
punta arenas,-53.15,-70.9167,60.39,44,75,21.85,CL,1613424801
puerto colombia,10.9878,-74.9547,86.0,70,0,11.5,CO,1613425015
vila franca do campo,37.7167,-25.4333,54.66,67,20,17.27,PT,1613425015
linqiong,30.4159,103.4609,53.28,82,40,2.24,CN,1613425016
yellowknife,62.456,-114.3525,-3.33,71,20,13.8,CA,1613425016
albany,42.6001,-73.9662,25.41,71,100,1.07,US,1613424929
carnarvon,-24.8667,113.6333,77.0,100,40,12.66,AU,1613425016
ushuaia,-54.8,-68.3,60.8,48,20,23.02,AR,1613424306
hualmay,-11.0964,-77.6139,76.69,66,5,10.22,PE,1613425017
atuona,-9.8,-139.0333,78.71,77,31,12.71,PF,1613425017
nemuro,43.3236,145.575,36.99,91,100,47.98,JP,1613425017
torbay,47.6666,-52.7314,25.83,68,75,11.5,CA,1613425017
ribeira grande,38.5167,-28.7,55.4,67,40,14.97,PT,1613425017
salalah,17.0151,54.0924,69.8,60,0,4.61,OM,1613424856
cape town,-33.9258,18.4232,64.89,55,0,19.57,ZA,1613424904
chuy,-33.6971,-53.4616,71.91,85,99,7.45,UY,1613425018
cidreira,-30.1811,-50.2056,75.22,82,10,4.97,BR,1613425019
vangaindrano,-23.35,47.6,74.19,90,100,2.82,MG,1613425019
hokitika,-42.7167,170.9667,66.4,46,0,11.39,NZ,1613425019
jamestown,42.097,-79.2353,24.76,80,90,4.61,US,1613424824
severo-kurilsk,50.6789,156.125,21.99,90,18,5.41,RU,1613425020
hirara,24.8,125.2833,64.83,65,64,14.09,JP,1613425020
castro,-24.7911,-50.0119,66.81,79,6,3.67,BR,1613425020
college,64.8569,-147.8028,0.86,77,75,0.58,US,1613425020
doha,25.2867,51.5333,64.4,82,0,2.3,QA,1613425020
alekseyevka,50.6309,38.6903,7.02,92,84,4.14,RU,1613425021
hilo,19.7297,-155.09,73.98,73,90,10.36,US,1613425021
ballina,-28.8667,153.5667,69.93,78,75,10.36,AU,1613425021
mataura,-46.1927,168.8643,54.0,68,83,5.99,NZ,1613425021
vaini,-21.2,-175.2,84.2,79,75,5.75,TO,1613425022
tiksi,71.6872,128.8694,-8.41,91,100,6.73,RU,1613425022
mar del plata,-38.0023,-57.5575,69.4,100,90,6.91,AR,1613424836
avera,33.194,-82.5271,46.27,96,90,9.22,US,1613425022
nan,18.8333,100.6667,65.55,66,1,1.54,TH,1613425023
bucerias,20.75,-105.3333,73.69,64,40,13.8,MX,1613424872
saint george,37.1041,-113.5841,54.28,28,1,6.91,US,1613425023
khalkhal,37.6189,48.5258,40.41,65,0,5.95,IR,1613425023
hermanus,-34.4187,19.2345,57.0,83,53,14.79,ZA,1613425024
havre,49.5833,0.3333,48.61,76,100,16.11,FR,1613425024
peto,20.1333,-88.9167,89.19,39,53,0.45,MX,1613425024
busselton,-33.65,115.3333,64.2,95,6,3.0,AU,1613424802
hobart,-42.8794,147.3294,58.35,82,40,9.22,AU,1613424823
half moon bay,37.4636,-122.4286,56.08,100,90,13.8,US,1613425025
bluff,-46.6,168.3333,54.0,68,62,5.99,NZ,1613425025
kavieng,-2.5744,150.7967,83.95,74,46,8.41,PG,1613425025
pevek,69.7008,170.3133,-18.98,86,0,1.5,RU,1613425025
tuktoyaktuk,69.4541,-133.0374,-20.2,76,75,2.3,CA,1613425025
russell,32.3502,-85.1999,52.21,94,90,11.74,US,1613425026
rikitea,-23.1203,-134.9692,79.79,78,2,15.17,PF,1613425026
el dorado,38.7666,-120.5177,43.93,99,100,1.99,US,1613425026
anadyr,64.75,177.4833,-9.18,70,0,4.47,RU,1613425026
chegdomyn,51.1167,133.0167,-9.87,88,100,0.67,RU,1613425026
mahebourg,-20.4081,57.7,78.8,89,75,4.61,MU,1613425027
rosetta,31.4044,30.4164,60.8,63,40,5.75,EG,1613425027
poum,-20.2333,164.0167,80.83,77,0,9.33,NC,1613425027
saskylakh,71.9167,114.0833,-19.23,86,100,9.17,RU,1613425027
shu,43.5983,73.7614,40.6,69,99,8.05,KZ,1613425027
hithadhoo,-0.6,73.0833,82.11,70,14,3.58,MV,1613425028
lebu,-37.6167,-73.65,60.13,70,0,13.49,CL,1613425028
nikolskoye,59.7035,30.7861,19.72,79,90,22.37,RU,1613425028
hofn,64.2539,-15.2082,43.61,93,100,11.81,IS,1613425028
maridi,4.9158,29.4742,82.33,29,85,3.33,SS,1613425029
sao joao da barra,-21.6403,-41.0511,77.0,88,90,15.28,BR,1613425029
turukhansk,65.8167,87.9833,-10.03,89,100,17.58,RU,1613425029
muros,42.7762,-9.0603,58.73,81,97,10.0,ES,1613425029
krasnyy chikoy,50.3643,108.7512,-16.22,85,100,1.39,RU,1613425029
parrita,9.5201,-84.3225,78.08,61,20,12.66,CR,1613425030
kungurtug,50.5994,97.5228,6.53,89,41,1.3,RU,1613425030
faanui,-16.4833,-151.75,82.2,72,100,12.75,PF,1613425030
mount isa,-20.7333,139.5,69.8,100,1,4.61,AU,1613425030
east london,-33.0153,27.9116,68.13,64,63,12.48,ZA,1613425030
santarem,-2.4431,-54.7083,75.2,100,90,3.96,BR,1613425031
ostrovnoy,68.0531,39.5131,4.05,92,100,12.17,RU,1613425031
new norfolk,-42.7826,147.0587,59.02,82,81,1.99,AU,1613425031
wajir,1.7471,40.0573,77.11,64,0,14.7,KE,1613425031
dikson,73.5069,80.5464,-25.91,81,66,8.95,RU,1613425032
khatanga,71.9667,102.5,-30.48,82,0,8.72,RU,1613425032
qobustan,40.0824,49.412,41.0,93,90,9.22,AZ,1613425033
bara,10.3744,10.7288,77.88,16,16,11.21,NG,1613425033
pacific grove,36.6177,-121.9166,56.79,94,90,11.5,US,1613425033
arraial do cabo,-22.9661,-42.0278,74.43,88,75,9.22,BR,1613425033
dakar,14.6937,-17.4441,69.8,68,94,2.3,SN,1613424856
vardo,70.3705,31.1107,26.6,59,40,12.66,NO,1613425034
kamloops,50.6665,-120.3192,26.46,80,90,6.91,CA,1613424982
brae,60.3964,-1.353,44.6,93,90,18.41,GB,1613425034
oliveira dos brejinhos,-12.3169,-42.8961,77.34,70,100,1.66,BR,1613425034
fortuna,40.5982,-124.1573,50.43,93,90,9.22,US,1613425035
pangody,65.85,74.4859,-15.99,89,98,9.62,RU,1613425035
avarua,-21.2078,-159.775,84.2,74,0,6.91,CK,1613425035
iqaluit,63.7506,-68.5145,-4.0,71,75,21.85,CA,1613425035
areosa,41.7178,-8.8571,57.13,88,0,8.05,PT,1613425036
krasnoye,49.9145,24.6134,21.2,93,75,6.71,UA,1613425036
manitouwadge,49.1215,-85.8403,0.7,71,40,4.99,CA,1613425036
cayenne,4.9333,-52.3333,77.0,88,75,6.91,GF,1613425016
ponta do sol,32.6667,-17.1,63.18,82,20,3.44,PT,1613425037
omboue,-1.5746,9.2618,79.2,87,100,3.49,GA,1613425037
kaitangata,-46.2817,169.8464,50.4,68,100,1.39,NZ,1613425037
panaba,21.2833,-88.2667,82.85,60,54,11.5,MX,1613425037
moron,-34.6534,-58.6198,80.55,51,42,8.01,AR,1613424781
honiton,50.7996,-3.189,49.8,88,100,1.99,GB,1613425038
biak,-0.9131,122.8766,76.86,76,100,2.57,ID,1613425038
saint-philippe,-21.3585,55.7679,73.45,69,0,5.75,RE,1613425038
kemijarvi,66.7131,27.4306,6.57,94,19,5.95,FI,1613425038
san policarpo,12.1791,125.5072,78.69,82,100,13.91,PH,1613425038
lompoc,34.6391,-120.4579,57.7,77,75,13.8,US,1613425039
georgetown,5.4112,100.3354,75.58,83,20,5.84,MY,1613425029
vadso,70.0744,29.7487,18.99,73,40,14.97,NO,1613425039
ambatolampy,-19.3833,47.4167,64.4,100,75,2.3,MG,1613425039
phan thiet,10.9333,108.1,65.34,86,0,6.58,VN,1613425039
north bend,43.4065,-124.2243,49.12,87,90,10.36,US,1613425040
acapulco,16.8634,-99.8901,80.6,57,1,12.66,MX,1613424747
port alfred,-33.5906,26.891,66.99,80,27,1.01,ZA,1613425040
rocha,-34.4833,-54.3333,71.2,86,100,7.0,UY,1613425040
kyra,49.5776,111.9753,-19.07,79,3,5.3,RU,1613425041
ugoofaaru,5.6667,73.0,80.65,65,0,4.74,MV,1613425041
cabo san lucas,22.8909,-109.9124,70.25,60,40,3.44,MX,1613424817
san patricio,28.017,-97.5169,28.47,80,75,9.22,US,1613425041
butaritari,3.0707,172.7902,79.38,79,0,14.88,KI,1613425042
norman wells,65.282,-126.8329,-7.6,77,75,3.44,CA,1613425042
sola,-13.8833,167.55,84.2,84,40,11.83,VU,1613425042
vao,-22.6667,167.4833,79.57,79,90,11.77,NC,1613425042
sipe sipe,-17.45,-66.3833,69.13,38,75,16.11,BO,1613425043
nizhniy kuranakh,58.8353,125.4869,-17.7,86,100,3.36,RU,1613425043
yulara,-25.2406,130.9889,69.8,40,23,6.91,AU,1613424921
varhaug,58.6147,5.6457,35.8,69,75,12.66,NO,1613425043
taunton,51.0211,-3.1047,51.33,84,100,5.01,GB,1613425043
paamiut,61.994,-49.6678,9.64,83,20,7.94,GL,1613425044
komsomolskiy,40.4272,71.7189,48.2,31,21,4.61,UZ,1613425044
hemnesberget,66.2333,13.6333,3.24,84,0,1.14,NO,1613425044
bonavista,48.6499,-53.1147,25.7,63,100,5.75,CA,1613425044
northam,51.0333,-4.2167,51.01,88,100,11.99,GB,1613425045
dengzhou,37.8086,120.7508,29.43,95,54,22.82,CN,1613425045
port augusta,-32.5,137.7667,69.04,77,0,1.14,AU,1613425045
tasiilaq,65.6145,-37.6368,23.0,86,90,1.28,GL,1613425045
outlook,51.5001,-107.0513,-3.23,65,1,16.11,CA,1613425045
souillac,-20.5167,57.5167,78.8,89,75,4.61,MU,1613425046
bethel,41.3712,-73.414,31.05,93,90,4.61,US,1613425046
pimenta bueno,-11.6725,-61.1936,78.94,92,69,2.44,BR,1613425046
baghdad,33.3406,44.4009,64.4,55,0,10.36,IQ,1613425024
pisco,-13.7,-76.2167,80.6,57,0,17.27,PE,1613425046
clyde river,70.4692,-68.5914,-27.4,75,20,4.61,CA,1613425047
eureka,40.8021,-124.1637,50.68,96,98,5.01,US,1613425047
mus,39.0,41.75,31.95,98,97,4.25,TR,1613425048
port macquarie,-31.4333,152.9167,70.43,99,38,1.99,AU,1613424926
kapaa,22.0752,-159.319,78.91,73,1,8.05,US,1613425048
thongwa,16.7619,96.5278,69.8,83,0,3.44,MM,1613425048
oxford,51.7522,-1.256,47.08,93,75,9.22,GB,1613425048
jalu,29.0331,21.5482,50.0,57,96,19.1,LY,1613425049
dzhebariki-khaya,62.2167,135.8,-23.69,86,81,0.36,RU,1613425049
jardim,-21.4803,-56.1381,79.5,85,34,1.97,BR,1613425049
gat,31.61,34.7642,52.02,100,77,1.01,IL,1613425049
kudahuvadhoo,2.6708,72.8944,81.1,74,11,9.91,MV,1613425049
karasjok,69.4719,25.5112,3.2,85,0,2.3,NO,1613425049
sao jose da coroa grande,-8.8978,-35.1478,79.84,80,74,8.52,BR,1613425050
north branch,45.5113,-92.9802,-2.7,41,1,5.75,US,1613425050
huambo,-12.7761,15.7392,65.55,49,83,3.56,AO,1613425050
bambous virieux,-20.3428,57.7575,78.89,89,75,4.61,MU,1613425050
carthage,36.8611,10.3316,44.6,61,40,4.61,TN,1613425050
mackay,-21.15,149.2,76.6,88,75,13.8,AU,1613424803
manokwari,-0.8667,134.0833,78.03,79,100,5.61,ID,1613425051
rock sound,24.9,-76.2,76.87,85,0,12.28,BS,1613425051
asfi,32.2994,-9.2372,62.62,72,0,5.5,MA,1613425051
port lincoln,-34.7333,135.8667,69.13,69,5,9.8,AU,1613425052
udachnyy,66.4167,112.4,-31.83,80,99,7.54,RU,1613425052
marawi,7.9986,124.2928,78.01,88,49,7.0,PH,1613425052
petropavlovsk-kamchatskiy,53.0452,158.6483,-0.4,78,0,11.18,RU,1613425003
codrington,-38.2667,141.9667,64.89,71,75,6.6,AU,1613425053
provideniya,64.3833,-173.3,8.6,66,0,24.61,RU,1613425053
mayumba,-3.432,10.6554,79.16,83,100,4.5,GA,1613425053
isangel,-19.55,169.2667,84.2,84,75,5.75,VU,1613425053
lata,40.1629,-8.3327,55.04,74,90,6.29,PT,1613425054
bredasdorp,-34.5322,20.0403,57.2,67,97,2.3,ZA,1613425054
bugene,-1.5911,31.1403,61.12,100,61,3.29,TZ,1613425054
huancabamba,-5.2386,-79.4506,61.68,82,88,6.26,PE,1613425054
kasganj,27.8167,78.65,58.19,50,4,1.5,IN,1613425054
anloga,5.7947,0.8973,84.2,84,20,10.36,GH,1613425055
talakan,50.3167,130.3667,-13.9,87,99,5.01,RU,1613425055
autun,46.95,4.3,43.14,61,0,4.61,FR,1613425055
tahoua,14.8888,5.2692,84.2,9,0,4.61,NE,1613425055
verkhoyansk,67.5447,133.385,-28.53,82,32,2.44,RU,1613425056
qostanay,53.1667,63.5833,12.2,85,90,4.47,KZ,1613425056
severo-yeniseyskiy,60.3725,93.0408,-8.64,91,100,5.53,RU,1613425056
barao de melgaco,-16.1944,-55.9675,75.2,94,75,3.44,BR,1613425056
saint-joseph,-21.3667,55.6167,73.56,69,0,5.75,RE,1613425056
longyearbyen,78.2186,15.6401,26.6,93,75,1.52,SJ,1613425057
barrow,71.2906,-156.7887,-11.2,77,40,8.05,US,1613424902
corlu,41.1592,27.8,28.4,93,75,12.66,TR,1613425057
eenhana,-17.4667,16.3333,77.0,61,83,4.61,NA,1613425058
imuris,30.7833,-110.8667,58.95,31,65,7.74,MX,1613425058
nizhniy baskunchak,48.2198,46.8311,19.29,83,96,8.08,RU,1613425058
alibunan,11.1465,122.4591,73.09,90,95,4.9,PH,1613425058
lavrentiya,65.5833,-171.0,-12.51,86,3,11.18,RU,1613425059
vostok,46.4856,135.8833,-1.89,93,100,6.17,RU,1613425059
dasoguz,41.8363,59.9666,35.6,80,0,6.91,TM,1613425059
tautira,-17.7333,-149.15,84.11,70,75,18.41,PF,1613425059
oia,40.5426,-8.5386,58.8,74,71,7.92,PT,1613425060
surt,31.2089,16.5887,51.24,62,73,29.19,LY,1613425060
zunyi,27.6867,106.9072,48.69,89,98,2.62,CN,1613425060
rock springs,41.5875,-109.2029,26.6,63,90,14.97,US,1613425060
igrim,63.1906,64.4162,-20.04,87,100,5.06,RU,1613425060
yar-sale,66.8333,70.8333,-9.31,90,100,16.51,RU,1613425060
plettenberg bay,-34.0527,23.3716,62.02,68,58,2.37,ZA,1613425061
jian,27.1172,114.9793,55.53,88,99,7.9,CN,1613425061
trinidad,-14.8333,-64.9,78.8,94,75,9.22,BO,1613424922
chilca,-12.5211,-76.7372,79.81,65,0,11.5,PE,1613425061
siavonga,-16.5382,28.7088,77.88,69,100,5.97,ZM,1613425062
north berwick,56.0583,-2.7229,43.36,88,99,1.99,GB,1613425062
coquimbo,-29.9533,-71.3436,68.0,64,0,13.8,CL,1613425062
thompson,55.7435,-97.8558,6.8,66,75,4.61,CA,1613425062
san quintin,30.4833,-115.95,61.63,66,6,16.98,MX,1613425062
beloha,-25.1667,45.05,73.87,86,99,6.04,MG,1613425063
shimoda,34.6667,138.95,39.0,63,0,3.0,JP,1613424978
bontang,0.1333,117.5,76.77,85,100,6.24,ID,1613425063
kahului,20.8947,-156.47,76.89,65,40,8.05,US,1613424792
mildura,-34.2,142.15,71.29,46,4,6.91,AU,1613425063
rostusa,41.61,20.6,11.12,83,0,3.71,MK,1613425063
egvekinot,66.3167,-179.1667,-11.76,85,1,15.32,RU,1613425064
broome,42.2506,-75.833,25.21,80,90,0.31,US,1613425064
tyukalinsk,55.8732,72.1967,0.52,91,91,6.49,RU,1613425064
tikhvin,59.6451,33.5294,7.0,84,100,1.99,RU,1613425064
jiexiu,37.0244,111.9125,33.96,68,0,8.03,CN,1613425064
verkhnyaya inta,65.9811,60.3094,-17.05,89,100,5.91,RU,1613425065
alugan,12.2188,125.4808,77.77,82,37,12.26,PH,1613425065
pitimbu,-7.4706,-34.8086,80.6,89,20,9.22,BR,1613425065
garden city,42.3256,-83.331,16.93,62,90,11.5,US,1613424781
upernavik,72.7868,-56.1549,-4.11,90,100,6.49,GL,1613425065
pangnirtung,66.1451,-65.7125,-16.6,69,20,5.75,CA,1613425066
puerto ayora,-0.7393,-90.3518,82.85,70,20,14.97,EC,1613425058
gamba,-2.65,10.0,78.66,83,100,2.55,GA,1613425066
russkaya polyana,49.417,31.9201,5.4,95,70,7.29,UA,1613425066
victoria,22.2855,114.1577,63.36,76,44,15.59,HK,1613424873
sardice,48.964,17.0281,23.34,87,100,2.06,CZ,1613425067
ivankiv,50.9386,29.8943,12.2,79,75,4.47,UA,1613425067
yima,34.7381,111.8839,46.0,99,1,8.93,CN,1613425067
belaya gora,68.5333,146.4167,-30.82,85,16,1.68,RU,1613425067
charters towers,-20.1,146.2667,73.47,89,100,8.77,AU,1613425067
potosi,-19.5836,-65.7531,52.25,59,88,6.87,BO,1613424866
constitucion,-35.3333,-72.4167,62.67,71,18,6.82,CL,1613425068
qaanaaq,77.484,-69.3632,-7.47,86,19,2.82,GL,1613425068
praia da vitoria,38.7333,-27.0667,56.86,67,20,11.52,PT,1613425068
umm kaddadah,13.6017,26.6876,73.6,19,49,10.98,SD,1613425068
bengkulu,-3.8004,102.2655,75.81,88,43,5.73,ID,1613425069
camacha,33.0833,-16.3333,60.8,94,20,5.75,PT,1613425069
sokoni,-6.4333,39.55,80.6,78,20,5.75,TZ,1613425069
fenoarivo,-18.933,47.4354,64.4,100,75,2.3,MG,1613425069
port elizabeth,-33.918,25.5701,62.6,94,90,8.05,ZA,1613424834
sisimiut,66.9395,-53.6735,3.79,83,1,13.31,GL,1613425070
qasigiannguit,68.8193,-51.1922,3.2,55,75,10.36,GL,1613425070
pangoa,-12.1167,-73.0,78.22,77,86,1.05,PE,1613425070
zeya,53.75,127.2667,-11.81,83,100,6.96,RU,1613425071
alofi,-19.0595,-169.9187,84.2,74,40,9.22,NU,1613425071
aromashevo,56.8602,68.6375,-5.76,90,0,7.7,RU,1613425071
werda,-25.2667,23.2833,73.09,21,0,14.81,BW,1613425071
kangaatsiaq,68.3065,-53.4641,-2.45,89,0,7.23,GL,1613425071
carutapera,-1.195,-46.02,76.59,93,100,8.01,BR,1613425072
soyo,-6.1349,12.3689,80.51,79,53,7.72,AO,1613425072
coihaique,-45.5752,-72.0662,77.0,29,0,10.36,CL,1613425072
dalbeattie,54.9328,-3.8227,46.0,95,100,10.0,GB,1613425072
sajanan,37.0573,9.2426,39.94,81,40,1.14,TN,1613425073
aklavik,68.2191,-135.0107,-4.0,77,90,5.75,CA,1613425073
saint-leu,-21.15,55.2833,72.61,61,97,4.09,RE,1613425073
nanortalik,60.1432,-45.2371,20.41,88,0,21.27,GL,1613425073
ilulissat,69.2167,-51.1,3.2,55,75,10.36,GL,1613425073
bull savanna,17.8868,-77.5902,78.96,73,1,14.38,JM,1613425074
casarano,40.015,18.163,39.96,65,0,8.05,IT,1613425074
axim,4.8699,-2.2405,80.49,87,42,7.4,GH,1613425074
bouar,5.934,15.596,71.44,23,2,6.04,CF,1613425074
itarema,-2.9248,-39.9167,79.12,87,100,9.13,BR,1613425075
nanchang,28.6833,115.8833,52.5,89,100,9.55,CN,1613425075
portland,45.5234,-122.6762,46.38,87,97,1.99,US,1613425075
hay river,60.8156,-115.7999,-3.12,71,89,5.75,CA,1613424914
qaqortoq,60.7167,-46.0333,23.0,63,75,10.36,GL,1613425075
palmares do sul,-30.2578,-50.5097,77.25,72,0,5.7,BR,1613425076
tura,25.5198,90.2201,59.41,33,0,2.26,IN,1613425076
san alberto,7.7611,-73.3922,89.46,50,55,1.92,CO,1613425076
korla,41.7597,86.1469,33.49,78,1,4.38,CN,1613425076
airai,-8.9266,125.4092,59.54,100,80,2.3,TL,1613425077
lorengau,-2.0226,147.2712,83.23,75,100,12.55,PG,1613425077
east wenatchee bench,47.4257,-120.2812,29.68,69,90,3.51,US,1613425077
at-bashi,41.1702,75.8106,9.5,56,1,1.54,KG,1613425077
south lake tahoe,38.9332,-119.9844,44.22,70,90,13.8,US,1613425078
polovinnoye,54.7914,65.9864,-5.58,89,0,5.82,RU,1613425078
vila,42.0304,-8.1588,55.0,61,100,7.0,PT,1613425078
ginir,7.1333,40.7,59.2,40,19,4.43,ET,1613425078
mikkeli,61.6886,27.2723,23.4,86,75,12.66,FI,1613425078
fukue,32.6881,128.8419,43.93,72,53,21.18,JP,1613425079
veraval,20.9,70.3667,67.91,81,0,8.93,IN,1613425079
ayagoz,47.9714,80.4392,16.54,82,64,2.21,KZ,1613425079
nome,64.5011,-165.4064,12.2,57,1,6.8,US,1613424926
senneterre,48.3835,-77.2328,8.6,61,75,11.5,CA,1613425080
yeppoon,-23.1333,150.7333,75.2,69,75,5.75,AU,1613425080
aswan,24.0934,32.907,64.54,28,15,11.97,EG,1613424969
talnakh,69.4865,88.3972,-14.66,78,100,6.55,RU,1613425081
dabakala,8.3667,-4.4333,83.5,52,48,7.09,CI,1613425081
uncia,-18.467,-66.5685,50.63,55,94,2.82,BO,1613425081
yorosso,12.3536,-4.7761,83.84,14,8,7.9,ML,1613425081
kukuna,9.4,-12.6667,76.42,76,12,5.35,SL,1613425082
krasnoobsk,54.9198,82.9909,24.8,74,90,8.95,RU,1613425082
fare,-16.7,-151.0167,81.88,74,100,13.94,PF,1613425082
gamagori,34.8333,137.2333,44.89,57,20,31.07,JP,1613425082
ixtapa,20.7,-105.2,73.71,64,40,13.8,MX,1613425082
florence,43.7667,11.25,36.55,56,0,8.05,IT,1613425083
hammerfest,70.6634,23.6821,19.4,79,0,4.61,NO,1613424803
asau,46.4333,26.4,17.01,56,39,3.53,RO,1613425083
kedrovyy,56.1667,91.8167,6.8,92,100,4.29,RU,1613425083
moyale,3.5167,39.0584,73.92,36,0,10.69,KE,1613425083
xochihuehuetlan,17.9167,-98.4333,87.57,11,0,5.39,MX,1613425084
augusto correa,-1.0217,-46.635,75.29,95,100,5.01,BR,1613425084
cuiaba,-15.5961,-56.0967,75.2,94,75,3.44,BR,1613425084
methoni,36.8197,21.7049,37.4,44,36,6.91,GR,1613425084
ekhabi,53.5102,142.9671,11.03,96,100,16.55,RU,1613425084
soma,39.1855,27.6094,33.94,93,75,9.22,TR,1613425085
goma,-1.6792,29.2228,65.3,79,100,2.86,CD,1613425085
prince rupert,54.3161,-130.3201,34.34,100,90,3.44,CA,1613425085
tagab,34.855,69.6492,37.4,44,0,3.44,AF,1613425085
rakiv lis,51.6217,24.9243,10.71,96,88,1.68,UA,1613425085
buchanan,5.8808,-10.0467,79.7,87,88,6.64,LR,1613425086
batagay-alyta,67.8006,130.4114,-26.34,85,98,1.97,RU,1613425086
jaisalmer,26.9147,70.9181,64.8,26,0,6.91,IN,1613425086
muncar,-8.4333,114.3333,74.55,87,95,2.33,ID,1613425086
mogadishu,2.0371,45.3438,76.5,84,0,20.87,SO,1613425086
behat,30.1667,77.6167,57.15,43,0,3.65,IN,1613425087
sabang,5.8933,95.3214,82.56,75,50,15.48,ID,1613425087
harper,4.375,-7.7169,79.48,89,100,6.69,LR,1613424794
chara,56.9064,118.2631,-24.38,76,99,0.27,RU,1613425087
atar,20.5169,-13.0499,72.14,20,7,12.03,MR,1613425087
touho,-20.7833,165.2333,78.94,84,93,11.43,NC,1613425088
eyl,7.9803,49.8164,75.22,78,55,14.25,SO,1613425088
khandyga,62.6667,135.6,-25.94,86,70,0.72,RU,1613425088
simpang,-1.2667,104.0833,72.52,90,13,1.16,ID,1613425088
deputatskiy,69.3,139.9,-26.05,88,1,1.01,RU,1613425088
alihe,50.5667,123.7167,-18.53,83,27,4.52,CN,1613425089
ossora,59.2353,163.0719,6.46,90,100,3.24,RU,1613425089
sabzevar,36.2126,57.6819,48.47,44,0,0.83,IR,1613425089
chatellerault,46.8,0.5333,48.9,66,0,9.22,FR,1613425089
perth,-31.9333,115.8333,70.86,83,0,6.91,AU,1613425090
garowe,8.4054,48.4845,64.78,91,0,7.72,SO,1613425090
araouane,18.9048,-3.5265,75.7,18,51,16.71,ML,1613425090
buraydah,26.326,43.975,68.0,40,0,10.36,SA,1613424926
kulhudhuffushi,6.6221,73.07,80.55,63,1,4.41,MV,1613425090
nhulunbuy,-12.2333,136.7667,80.6,89,40,9.22,AU,1613425091
petrozavodsk,61.7849,34.3469,12.2,85,100,11.18,RU,1613424874
roald,62.5833,6.1333,33.85,70,75,12.66,NO,1613425091
florianopolis,-27.6146,-48.5012,73.4,88,40,5.75,BR,1613424798
george,-33.963,22.4617,60.8,77,75,5.75,ZA,1613425091
katima mulilo,-17.5,24.2667,67.32,91,90,5.97,NA,1613425091
monrovia,6.3005,-10.7969,80.44,86,65,7.61,LR,1613425092
xiongyue,40.1774,122.1228,16.83,78,32,12.41,CN,1613425092
mumford,5.2618,-0.759,81.18,86,100,9.98,GH,1613425092
lensk,60.7253,114.9278,-30.08,80,0,5.88,RU,1613425092
turayf,31.6725,38.6637,53.6,62,0,5.75,SA,1613425093
kununurra,-15.7667,128.7333,77.0,78,90,8.05,AU,1613425093
mackenzie,55.2999,-123.1698,15.8,86,90,2.3,CA,1613425093
naze,28.3667,129.4833,52.2,73,24,11.34,JP,1613425093
zheshart,62.0731,49.5733,-9.27,90,100,4.38,RU,1613425093
inta,66.0317,60.1659,-16.85,89,100,6.08,RU,1613425094
taoudenni,22.6783,-3.9836,67.59,29,0,21.07,ML,1613425094
tilichiki,60.4667,166.1,-9.65,89,18,8.16,RU,1613425094
libertador general san martin,-23.8064,-64.7876,75.43,83,74,2.46,AR,1613425094
cobija,-11.0267,-68.7692,78.8,78,75,5.75,BO,1613425095
tecoanapa,16.5167,-98.75,79.54,54,0,11.79,MX,1613425095
hovd,48.0056,91.6419,10.09,88,11,1.83,MN,1613425095
yarada,17.65,83.2667,71.6,94,0,2.3,IN,1613425095
caravelas,-17.7125,-39.2481,77.59,76,79,9.78,BR,1613425095
berlevag,70.8578,29.0864,24.13,80,90,8.05,NO,1613425096
morro bay,35.3658,-120.8499,61.79,78,98,5.01,US,1613425096
umm lajj,25.0213,37.2685,76.86,57,0,3.42,SA,1613425096
mlonggo,-6.5333,110.7,75.2,94,40,11.5,ID,1613425096
alvorada,-12.48,-49.1247,70.65,96,100,4.47,BR,1613425096
juba,4.8517,31.5825,84.58,29,83,0.89,SS,1613424971
kampot,10.6167,104.1833,74.44,88,40,6.35,KH,1613425097
grindavik,63.8424,-22.4338,39.2,93,75,13.8,IS,1613425097
katsuura,35.1333,140.3,48.09,50,0,10.0,JP,1613425097
canutama,-6.5339,-64.3831,82.35,79,80,1.9,BR,1613425098
ambilobe,-13.2,49.05,74.35,95,96,3.18,MG,1613425098
high level,58.5169,-117.136,-0.4,71,90,4.61,CA,1613425098
kostomuksha,64.571,30.5767,8.4,95,100,10.8,RU,1613425098
asyut,27.181,31.1837,57.2,62,0,4.61,EG,1613425048
nortelandia,-14.4547,-56.8028,78.3,87,100,1.88,BR,1613425099
tsaratanana,-16.7833,47.65,72.36,84,100,2.68,MG,1613425099
berdigestyakh,62.0989,126.6992,-21.71,86,96,3.85,RU,1613425099
nilokheri,29.8333,76.9167,55.02,52,0,3.51,IN,1613425099
bilma,18.6853,12.9164,71.76,18,64,19.69,NE,1613425099
kavaratti,10.5669,72.642,80.47,60,39,5.66,IN,1613425099
narsaq,60.9167,-46.05,23.0,63,75,10.36,GL,1613425100
luderitz,-26.6481,15.1594,66.7,52,0,24.7,NA,1613425100
esperance,-33.8667,121.9,64.4,63,0,14.97,AU,1613425101
bathsheba,13.2167,-59.5167,80.6,57,40,23.02,BB,1613425101
warrnambool,-38.3833,142.4833,64.0,86,64,3.0,AU,1613425080
los palacios,22.5872,-83.2486,81.88,65,27,12.3,CU,1613425101
san ignacio,17.1561,-89.0714,92.64,43,20,6.91,BZ,1613425101
hasaki,35.7333,140.8333,44.24,61,20,4.61,JP,1613425102
cap malheureux,-19.9842,57.6142,79.0,82,100,3.0,MU,1613425102
novyy urengoy,66.0833,76.6333,-9.8,90,100,8.57,RU,1613425050
mareeba,-17.0,145.4333,75.69,94,40,1.14,AU,1613425102
oranjemund,-28.55,16.4333,62.71,72,0,20.71,NA,1613425102
dryden,49.7833,-92.7503,-0.4,42,1,11.5,CA,1613424935
kieta,-6.2167,155.6333,82.38,77,98,7.11,PG,1613425103
nunoa,-14.48,-70.6411,52.99,57,99,7.81,PE,1613425103
praya,14.9215,-23.5087,71.6,64,0,16.11,CV,1613425103
ilave,-16.0833,-69.6667,46.54,76,76,9.86,PE,1613425103
hua hin,12.5707,99.9588,74.03,77,43,7.9,TH,1613425054
mul,20.0667,79.6667,68.56,36,0,3.98,IN,1613425104
nanga eboko,4.6833,12.3667,73.18,52,73,4.07,CM,1613425104
los barrios,36.1848,-5.4921,59.0,77,90,28.77,ES,1613425104
kodiak,57.79,-152.4072,39.2,93,90,3.44,US,1613424830
srednekolymsk,67.45,153.6833,-18.06,88,100,2.42,RU,1613425104
bac lieu,9.285,105.7244,71.91,85,10,10.94,VN,1613425105
palmer,42.1584,-72.3287,28.71,93,90,6.91,US,1613425105
burnie,-41.0667,145.9167,60.6,76,100,12.21,AU,1613425105
shaowu,27.3409,117.4831,51.94,80,10,1.66,CN,1613425105
muli,2.9167,73.5667,81.43,72,2,8.93,MV,1613425106
freeport,40.6576,-73.5832,33.03,86,90,5.75,US,1613425025
shizilu,35.1711,118.8289,32.79,90,15,7.58,CN,1613425106
khuzhir,53.1939,107.3397,-8.7,82,8,3.29,RU,1613425106
chum phae,16.5443,102.0992,74.23,45,5,2.66,TH,1613425106
khorixas,-20.3667,14.9667,73.76,41,28,9.8,NA,1613425106
santa cruz,-17.8,-63.1667,82.4,69,75,20.71,BO,1613425079
gijon,43.5357,-5.6615,60.3,42,20,6.91,ES,1613425107
ouidah,6.3631,2.0851,86.0,79,40,12.66,BJ,1613425107
hanyang,32.1371,105.5126,39.0,54,100,3.0,CN,1613425107
saiha,22.4833,92.9667,53.02,51,0,3.49,IN,1613425107
sur,22.5667,59.5289,71.06,59,0,9.33,OM,1613425108
leningradskiy,69.3833,178.4167,-14.93,86,0,3.91,RU,1613425108
high prairie,55.4334,-116.4858,3.2,60,100,2.3,CA,1613425108
jimma,7.6667,36.8333,65.82,49,48,1.19,ET,1613425108
katangli,51.7102,143.2326,19.26,97,100,29.01,RU,1613425108
west bay,19.3667,-81.4167,83.59,70,40,11.5,KY,1613425109
chake chake,-5.2459,39.7666,78.44,82,82,8.59,TZ,1613425109
arinos,-15.9169,-46.1056,75.85,81,100,1.16,BR,1613425109
ulaangom,49.9811,92.0667,-9.69,89,69,1.19,MN,1613425109
chokurdakh,70.6333,147.9167,-17.28,87,93,4.36,RU,1613425110
flin flon,54.7682,-101.865,3.2,60,1,6.91,CA,1613425110
pemba,-12.974,40.5178,80.31,83,75,13.8,MZ,1613425110
caramoan,13.7707,123.8631,75.07,84,28,9.86,PH,1613425110
wanlaweyn,2.6185,44.8938,72.45,84,0,11.16,SO,1613425110
les cayes,18.2,-73.75,79.99,72,9,9.08,HT,1613425111
bam,29.106,58.357,51.75,35,0,1.88,IR,1613425111
sandpoint,48.2766,-116.5533,22.68,80,90,9.22,US,1613424883
saraipali,21.3333,83.0,65.52,35,0,4.0,IN,1613425111
kisangani,0.5167,25.2,76.41,75,99,2.93,CD,1613425111
morondava,-20.2833,44.2833,76.73,92,100,20.27,MG,1613425112
faya,18.3851,42.4509,61.7,36,0,9.22,SA,1613425112
seoul,37.5683,126.9778,18.19,73,0,3.44,KR,1613424878
pierre,44.3683,-100.351,3.2,55,1,19.57,US,1613424914
kamenka,51.3223,42.7678,-9.33,91,0,2.42,RU,1613425112
lodja,-3.4833,23.4333,72.84,95,100,1.45,CD,1613425016
banda aceh,5.5577,95.3222,78.04,82,56,11.27,ID,1613425113
paragominas,-2.9667,-47.4833,74.88,95,100,1.92,BR,1613425113
chunoyar,57.4467,97.3217,-1.7,90,100,5.84,RU,1613425113
the valley,18.217,-63.0578,80.15,65,40,18.41,AI,1613424943
nuuk,64.1835,-51.7216,12.09,62,75,9.22,GL,1613425113
ferrol,43.4832,-8.2369,59.36,67,0,18.41,ES,1613425114
klaksvik,62.2266,-6.589,44.6,100,90,23.02,FO,1613425114
mount gambier,-37.8333,140.7667,55.4,94,51,3.49,AU,1613425114
nago,26.5881,127.9761,59.94,67,90,9.22,JP,1613424906
soavinandriana,-19.1667,46.7333,60.12,100,100,4.29,MG,1613425114
sao filipe,14.8961,-24.4956,71.47,74,66,8.52,CV,1613425115
lasa,46.6166,10.7002,29.17,100,0,4.61,IT,1613425115
tougue,11.4667,-11.6,74.28,24,4,1.72,GN,1613425115
etchoropo,26.7667,-109.6667,70.0,44,84,5.99,MX,1613425115
los llanos de aridane,28.6585,-17.9182,63.63,59,0,1.14,ES,1613425116
olinda,-8.0089,-34.8553,80.6,74,75,5.75,BR,1613425116
mukhen,48.1,136.1,9.1,94,100,15.19,RU,1613425116
salima,-13.7804,34.4587,71.87,89,99,4.59,MW,1613425116
geraldton,-28.7667,114.6,71.6,94,90,5.75,AU,1613425117
kozelsk,54.0375,35.7716,-11.2,84,16,3.11,RU,1613425117
azuaga,38.2667,-5.6833,42.78,82,97,8.37,ES,1613425117
maumere,-8.6199,122.2111,78.03,76,71,1.12,ID,1613425117
vyazemskiy,47.5378,134.7525,10.2,95,100,13.0,RU,1613425117
laguna,38.421,-121.4238,56.73,82,90,5.75,US,1613425118
gazli,40.1333,63.45,52.59,43,94,5.01,UZ,1613425118
gampengrejo,-7.7667,112.0167,73.69,92,71,1.77,ID,1613425118
mbanza-ngungu,-5.25,14.8667,70.38,94,100,3.87,CD,1613425118
rawson,-43.3002,-65.1023,61.45,50,0,16.67,AR,1613425118
touros,-5.1989,-35.4608,82.4,74,40,14.97,BR,1613425119
barcelos,41.5388,-8.6151,56.7,88,0,8.05,PT,1613425035
killybegs,54.6333,-8.45,50.0,81,90,17.27,IE,1613425119
honningsvag,70.9821,25.9704,23.0,86,75,1.14,NO,1613425119
mocuba,-16.8392,36.9856,79.09,76,38,7.31,MZ,1613425120
sorong,-0.8833,131.25,81.18,79,100,7.72,ID,1613425120
dongkan,33.9997,119.8308,32.47,91,75,10.13,CN,1613425120
naron,43.5167,-8.1528,59.34,67,0,18.41,ES,1613425120
arman,59.7,150.1667,-7.85,80,57,7.16,RU,1613425120
noyabrsk,63.1994,75.4507,-14.22,88,100,8.28,RU,1613425121
aksha,50.2814,113.2867,-16.35,82,31,4.72,RU,1613425121
carballo,43.213,-8.691,56.14,67,0,18.41,ES,1613425121
shenzhen,22.5455,114.0683,62.74,95,13,1.01,CN,1613425040
bonthe,7.5264,-12.505,79.93,86,11,5.55,SL,1613425122
tucuman,-26.8241,-65.2226,66.2,94,90,11.5,AR,1613424853
shirokiy,49.758,129.523,-13.07,89,75,9.55,RU,1613425122
rudbar,30.15,62.6,54.3,36,0,1.54,AF,1613425122
riberalta,-10.9833,-66.1,86.0,66,75,6.91,BO,1613425122
gugesti,45.5667,27.1333,25.47,90,34,12.08,RO,1613425123
ancud,-41.8697,-73.8203,68.0,45,0,9.22,CL,1613425123
amahai,-3.3333,128.9167,80.01,93,100,4.83,ID,1613425123
kurilsk,45.2333,147.8833,39.79,90,100,45.3,RU,1613425123
straumen,63.8709,11.2999,21.81,93,0,4.61,NO,1613425124
jacareacanga,-6.2222,-57.7528,75.42,95,100,2.59,BR,1613425124
tutoia,-2.7619,-42.2744,84.2,79,75,10.36,BR,1613425124
kasongo-lunda,-6.4667,16.8167,71.31,92,100,1.23,CD,1613425124
richards bay,-28.783,32.0377,71.29,84,100,27.04,ZA,1613425125
ribas do rio pardo,-20.4431,-53.7592,78.55,82,79,2.91,BR,1613425125
micheweni,-4.9667,39.8333,80.02,81,100,12.35,TZ,1613425125
vestmannaeyjar,63.4427,-20.2734,44.55,86,86,13.87,IS,1613425125
ciudad bolivar,8.1222,-63.5497,87.37,45,100,15.64,VE,1613425080
maragogi,-9.0122,-35.2225,79.68,80,83,8.46,BR,1613425126
comodoro rivadavia,-45.8667,-67.5,64.4,52,0,23.02,AR,1613425126
bud,39.447,-86.1758,14.0,91,100,16.8,US,1613425126
gravdal,68.1214,13.5031,21.2,86,0,1.14,NO,1613425126
tazovskiy,67.4667,78.7,-4.63,91,100,18.75,RU,1613425126
verkhnevilyuysk,63.4453,120.3167,-16.94,88,100,4.7,RU,1613425127
oussouye,12.485,-16.5469,76.95,94,0,4.61,SN,1613425127
muana,-1.5283,-49.2167,75.76,93,100,5.97,BR,1613425127
sorland,67.667,12.6934,21.2,86,0,1.14,NO,1613425127
inhambane,-23.865,35.3833,78.71,90,100,7.47,MZ,1613425127
bangassou,4.7413,22.8184,77.79,28,100,3.71,CF,1613425128
dunedin,-45.8742,170.5036,53.01,67,88,8.01,NZ,1613425128
santa cruz de la palma,28.6835,-17.7642,64.22,59,0,1.14,ES,1613425128
magnolia,33.2671,-93.2393,19.78,63,100,10.36,US,1613425128
umkomaas,-30.2067,30.7978,65.93,91,100,1.01,ZA,1613424981
romny,50.751,33.4747,0.46,93,45,7.45,UA,1613425129
kirakira,-10.4544,161.9205,85.14,67,48,2.15,SB,1613425129
barabai,-2.5833,115.3833,72.77,91,93,0.89,ID,1613425129
oil city,41.4339,-79.7064,26.53,74,90,10.36,US,1613425046
znamensk,48.5842,45.7338,17.28,86,100,8.43,RU,1613425129
amapa,1.0,-52.0,74.75,83,76,4.23,BR,1613425129
ambunti,-4.2365,142.8448,76.3,91,83,1.59,PG,1613425130
zonguldak,41.25,31.8333,24.06,100,100,3.94,TR,1613425130
haines junction,60.7522,-137.5108,-14.8,48,36,1.32,CA,1613425130
sun valley,39.5963,-119.776,50.61,35,75,20.71,US,1613424981
taksimo,56.3444,114.8794,-24.3,74,0,2.91,RU,1613425131
lagoa,39.05,-27.9833,55.87,66,0,19.19,PT,1613425131
druzhba,52.0428,33.9453,-5.01,92,48,5.7,UA,1613425131
maceio,-9.6658,-35.7353,80.6,83,40,11.5,BR,1613425131
zhuhai,22.2769,113.5678,66.13,88,0,9.22,CN,1613425131
iquitos,-3.7481,-73.2472,86.0,70,40,2.3,PE,1613425132
dire dawa,9.5931,41.8661,66.31,30,5,1.97,ET,1613425132
liverpool,53.4106,-2.9779,49.3,87,100,11.5,GB,1613425132
daura,11.5538,11.4085,73.11,19,0,9.73,NG,1613425132
madaoua,14.073,5.96,77.45,16,4,10.11,NE,1613425132
oranjestad,12.524,-70.027,82.4,69,20,24.16,AW,1613425046
douentza,14.9951,-2.9517,78.75,16,0,3.96,ML,1613425133
bunia,1.5667,30.25,69.78,55,21,3.42,CD,1613425133
khambhaliya,22.2072,69.6683,66.29,87,0,6.89,IN,1613425133
praia,14.9215,-23.5087,71.6,64,0,16.11,CV,1613425103
barra do garcas,-15.89,-52.2567,87.8,58,40,1.41,BR,1613425134
pind dadan khan,32.5879,73.0456,58.44,35,0,0.85,PK,1613425134
santa vitoria do palmar,-33.5189,-53.3681,71.82,86,99,7.11,BR,1613425134
guantanamo,20.1444,-75.2092,84.09,65,20,9.22,CU,1613425134
xiangxiang,27.7333,112.5333,48.2,82,100,9.15,CN,1613425135
indramayu,-6.3264,108.32,78.48,87,100,7.92,ID,1613425135
ponta delgada,37.7333,-25.6667,54.7,67,20,17.27,PT,1613425135
liusha,27.2098,108.59,44.08,94,100,3.04,CN,1613425135
santa fe,-31.6333,-60.7,82.99,63,33,3.0,AR,1613425136
kanniyakumari,8.0833,77.5667,76.37,81,0,7.18,IN,1613425136
chunskiy,56.0815,99.6342,-3.48,91,100,6.67,RU,1613425136
lancaster,40.2504,-76.2499,32.5,80,90,3.44,US,1613425136
merauke,-8.4667,140.3333,77.25,89,100,7.31,ID,1613425137
te anau,-45.4167,167.7167,51.28,51,21,4.76,NZ,1613425137
cabras,39.93,8.5314,37.36,78,0,5.68,IT,1613425137
atambua,-9.1061,124.8925,73.8,89,94,2.04,ID,1613425137
imeni poliny osipenko,52.4201,136.4853,2.12,90,100,19.64,RU,1613425138
ca mau,9.1769,105.15,68.7,93,13,3.56,VN,1613425138
porto novo,6.4965,2.6036,86.0,79,40,12.66,BJ,1613425138
jelgava,56.65,23.7128,12.2,92,90,6.91,LV,1613425138
baiyin,36.5583,104.2081,28.02,39,0,6.71,CN,1613425138
cockburn town,21.4612,-71.1419,77.88,79,33,24.0,TC,1613425139
road town,18.4167,-64.6167,79.61,61,20,12.66,VG,1613425139
puerto lempira,15.2667,-83.7667,89.6,70,20,11.5,HN,1613425139
palasa,18.7667,84.4167,68.4,79,0,6.17,IN,1613425139
joshimath,30.5667,79.5667,41.72,57,64,5.12,IN,1613425139
vanimo,-2.6741,141.3028,77.13,86,100,6.8,PG,1613425140
zhigansk,66.7697,123.3711,-20.04,87,100,9.51,RU,1613425140
labuhan,-6.8844,112.2051,78.03,86,96,7.23,ID,1613425140
tiarei,-17.5333,-149.3333,84.09,70,75,18.41,PF,1613425140
bhag,29.0415,67.8239,68.58,21,0,6.73,PK,1613425141
tacoronte,28.4769,-16.4102,64.89,42,0,6.91,ES,1613425141
nobres,-14.7203,-56.3275,78.69,87,99,1.59,BR,1613425141
neuquen,-38.9516,-68.0591,71.6,49,0,12.66,AR,1613425141
puerto gaitan,4.3133,-72.0816,95.29,34,60,14.72,CO,1613425141
damietta,31.4165,31.8133,62.6,67,0,4.61,EG,1613425142
thinadhoo,0.5333,72.9333,81.5,77,49,11.34,MV,1613425142
